IdVenta,FechaVenta,IdCliente,Producto,Cantidad,PrecioUnitario,Estado,MotivoRechazo
1011,FECHA_INVALIDA,1,Tablet,1,1200.00,APROBADA,ERROR_CONVERSION_DATOS
1012,30/09/2026,2,Parlante,ABC,220.00,APROBADA,ERROR_CONVERSION_DATOS
1013,30/09/2026,3,Microfono,1,PRECIO_INVALIDO,APROBADA,ERROR_CONVERSION_DATOS
1004,30/09/2026,4,Mouse,0,80.00,APROBADA,CANTIDAD_INVALIDA
1005,30/09/2026,5,Audifonos,-2,120.00,APROBADA,CANTIDAD_INVALIDA
1006,30/09/2026,1,Webcam,1,0.00,APROBADA,PRECIO_INVALIDO
1007,30/09/2026,2,Impresora,1,-350.00,APROBADA,PRECIO_INVALIDO
1008,30/09/2026,3,DiscoSSD,1,400.00,RECHAZADA,ESTADO_NO_APROBADO
1009,30/09/2026,4,MemoriaRAM,2,180.00,PENDIENTE,ESTADO_NO_APROBADO
1010,30/09/2026,999,Router,1,250.00,APROBADA,CLIENTE_NO_EXISTE
