IdVenta	FechaVenta	IdCliente	Producto	Cantidad	PrecioUnitario	Estado
1001	30/09/2026	1	Laptop	2	2500.00	APROBADA
1002	30/09/2026	2	Teclado	3	150.50	APROBADA
1003	30/09/2026	3	Monitor	1	899.90	APROBADA
1004	30/09/2026	4	Mouse	0	80.00	APROBADA
1005	30/09/2026	5	Audifonos	-2	120.00	APROBADA
1006	30/09/2026	1	Webcam	1	0.00	APROBADA
1007	30/09/2026	2	Impresora	1	-350.00	APROBADA
1008	30/09/2026	3	DiscoSSD	1	400.00	RECHAZADA
1009	30/09/2026	4	MemoriaRAM	2	180.00	PENDIENTE
1010	30/09/2026	999	Router	1	250.00	APROBADA
1011	FECHA_INVALIDA	1	Tablet	1	1200.00	APROBADA
1012	30/09/2026	2	Parlante	ABC	220.00	APROBADA
1013	30/09/2026	3	Microfono	1	PRECIO_INVALIDO	APROBADA
1014	30/09/2026	5	CableHDMI	4	35.75	APROBADA
